{
    "version": "2.0",
    "functionTimeout": "00:10:00",
    "logging": {
      "logLevel": {
        "default": "Trace",
        "Host.Results": "Trace",
        "Function": "Trace",
        "Host.Aggregator": "Trace"
      },
      "applicationInsights": {
        "samplingSettings": {
          "isEnabled": true,
          "excludedTypes": "Request"
        }
      }
    },
    "extensionBundle": {
      "id": "Microsoft.Azure.Functions.ExtensionBundle",
      "version": "[3.*, 4.0.0)"
    }
  }
  