{
  "IsEncrypted": false,
  "Values": {
    "AzureWebJobsStorage": "",
    "FUNCTIONS_WORKER_RUNTIME": "python",
    "BaseURL": "https://reltest6.phishmecloud.com/",
    "Cofense_Client_Id": "b0CqoyHlAnptQlQW0h45XV8Ka2b7dKczZzatP-zNESo",
    "Cofense_Client_Secret": "QOrEEbN7vp8xjAXm4uqJPJVkOjVB94mtOEYXiriAx8M",
    "Azure_Client_Id": "39601350-e6d8-48f7-9400-c8041922d817",
    "Azure_Client_Secret": "5Fu8Q~91sXrKQa_x8U55B0TZuymvbm0YD2PXIao1",
    "Azure_Tenant_Id": "3adb963c-8e61-48e8-a06d-6dbb0dacea39",
    "Azure_Resource_Group_Name": "Cofense_Sentinel_Integration_29598",
    "Azure_Workspace_Name": "cofense-sentinel-workspace-1",
    "Azure_Subscription_Id": "ec3e5f16-67b5-40aa-9289-23311c95451c",
    "Proxy_Username": "crest",
    "Proxy_Password": "Crest123",
    "Proxy_URL": "103.108.207.59",
    "Proxy_Port": "9480",
    "LogLevel": "DEBUG"
  }
}
